[
    {
        "id": "1049bddc7b1350e0",
        "type": "tab",
        "label": "Opcua Flow",
        "disabled": false,
        "info": "",
        "env": []
    },
    {
        "id": "f986fbaa29d8cfcb",
        "type": "inject",
        "z": "1049bddc7b1350e0",
        "name": "Read Temperature",
        "props": [
            {
                "p": "payload"
            },
            {
                "p": "topic",
                "vt": "str"
            }
        ],
        "repeat": "",
        "crontab": "",
        "once": false,
        "onceDelay": 0.1,
        "topic": "ns=1;i=1112 ;datatype=Double",
        "payload": "",
        "payloadType": "date",
        "x": 210,
        "y": 180,
        "wires": [
            [
                "b52627311da59426"
            ]
        ]
    },
    {
        "id": "b52627311da59426",
        "type": "OpcUa-Client",
        "z": "1049bddc7b1350e0",
        "endpoint": "53f4394dbf12c6b7",
        "action": "read",
        "deadbandtype": "a",
        "deadbandvalue": 1,
        "time": 10,
        "timeUnit": "s",
        "certificate": "n",
        "localfile": "",
        "localkeyfile": "",
        "securitymode": "None",
        "securitypolicy": "None",
        "folderName4PKI": "",
        "useTransport": false,
        "maxChunkCount": 1,
        "maxMessageSize": 8192,
        "receiveBufferSize": 8192,
        "sendBufferSize": 8192,
        "name": "",
        "x": 450,
        "y": 180,
        "wires": [
            [],
            []
        ]
    }
]